<?xml version="1.0" encoding="UTF-8"?>
<applications>
	<app name="licencias_obra_menor_meta" layerId="licencias_obra_menor" keyAttribute="ref_catastral">
		<option messageKey="CellScreen.popup.licenciasObra" class="es.satec.localgismobile.ui.screens.MetaInfoScreen">
			<param name="title" value="MetaInfoScreen.title.licenciasObra" />
			<param name="actions" value="UPDATE VIEW" />
		</option>
	</app>

	<app name="licencias_obra_mayor_meta" layerId="licencias_obra_mayor" keyAttribute="ref_catastral">
		<option messageKey="CellScreen.popup.licenciasObra" class="es.satec.localgismobile.ui.screens.MetaInfoScreen">
			<param name="title" value="MetaInfoScreen.title.licenciasObra" />
			<param name="actions" value="UPDATE VIEW" />
		</option>
	</app>
	
	<app name="licencias_actividad_meta" layerId="licencias_actividad" keyAttribute="ref_catastral">
		<option messageKey="CellScreen.popup.licenciasActividad" class="es.satec.localgismobile.ui.screens.MetaInfoScreen">
			<param name="title" value="MetaInfoScreen.title.licenciasActividad" />
			<param name="actions" value="UPDATE VIEW" />
		</option>
	</app>
	
	<app name="inventario_parcelas_meta" layerId="inventario_parcelas" keyAttribute="ID de Parcela">
		<option messageKey="CellScreen.popup.inventarioPatrimonio" class="es.satec.localgismobile.ui.screens.MetaInfoScreen">
			<param name="title" value="MetaInfoScreen.title.inventarioPatrimonio" />
			<param name="actions" value="ADD DELETE UPDATE VIEW" />
		</option>
	</app>
	
	<app name="inventario_vias_meta" layerId="inventario_vias" keyAttribute="ID de Via">
		<option messageKey="CellScreen.popup.inventarioPatrimonio" class="es.satec.localgismobile.ui.screens.MetaInfoScreen">
			<param name="title" value="MetaInfoScreen.title.inventarioPatrimonio" />
			<param name="actions" value="ADD DELETE UPDATE VIEW" />
		</option>
	</app>
</applications>