INSERT INTO acl(idacl,name) values(100,'Depuradoras');
INSERT INTO acl(idacl,name) values(101,'Puntos de Vertido');
INSERT INTO acl(idacl,name) values(102,'Red de Saneamiento');
INSERT INTO acl(idacl,name) values(103,'Colectores');
INSERT INTO acl(idacl,name) values(104,'Emisarios');
INSERT INTO acl(idacl,name) values(105,'Pozos de Registro');
INSERT INTO acl(idacl,name) values(106,'Parques y Jardines');
INSERT INTO acl(idacl,name) values(107,'Centros Asistenciales');
INSERT INTO acl(idacl,name) values(108,'Casas Consistoriales');
INSERT INTO acl(idacl,name) values(109,'Cementerios');
INSERT INTO acl(idacl,name) values(110,'Centros Culturales');
INSERT INTO acl(idacl,name) values(111,'Instalaciones Deportivas');
INSERT INTO acl(idacl,name) values(112,'Proteccion Civil');
INSERT INTO acl(idacl,name) values(113,'Lonjas y Mercados');
INSERT INTO acl(idacl,name) values(114,'Mataderos');
INSERT INTO acl(idacl,name) values(115,'Centros Sanitarios');
INSERT INTO acl(idacl,name) values(116,'Centros Públicos sin Uso');
INSERT INTO acl(idacl,name) values(117,'Tanatorios');
INSERT INTO acl(idacl,name) values(118,'Vertederos');
INSERT INTO acl(idacl,name) values(119,'Centros de enseñanza');
INSERT INTO acl(idacl,name) values(120,'Extincion de Incendios');
INSERT INTO acl(idacl,name) values(121,'Puntos de Luz');
INSERT INTO acl(idacl,name) values(122,'Conducciones');
INSERT INTO acl(idacl,name) values(123,'Depositos');
INSERT INTO acl(idacl,name) values(124,'Tratamientos de Potabilizacion');
INSERT INTO acl(idacl,name) values(125,'Red de Distribucion');
INSERT INTO acl(idacl,name) values(126,'Captaciones');
INSERT INTO acl(idacl,name) values(127,'Arquetas');
INSERT INTO acl(idacl,name) values(128,'Tramos de Conduccion');
INSERT INTO acl(idacl,name) values(129,'Autopistas');
INSERT INTO acl(idacl,name) values(130,'Autovias');
INSERT INTO acl(idacl,name) values(131,'Nacionales');
INSERT INTO acl(idacl,name) values(132,'RAAI');
INSERT INTO acl(idacl,name) values(133,'RAAII');
INSERT INTO acl(idacl,name) values(134,'RAAIII');
INSERT INTO acl(idacl,name) values(135,'Vias Interurbanas');
INSERT INTO acl(idacl,name) values(136,'Vias Urbanas');
INSERT INTO acl(idacl,name) values(137,'Aforo de Carreteras');
INSERT INTO acl(idacl,name) values(138,'Parcelas EIEL');
INSERT INTO acl(idacl,name) values(139,'Nucleos');
INSERT INTO acl(idacl,name) values(140,'Nucleos de Poblacion');
INSERT INTO acl(idacl,name) values(141,'Municipios');
INSERT INTO acl(idacl,name) values(142,'Municipios Punto');
INSERT INTO acl(idacl,name) values(143,'Comarcas');
INSERT INTO acl(idacl,name) values(144,'Edificios sin Uso');
INSERT INTO r_acl_perm(idperm,idacl) VALUES(871,100);
INSERT INTO r_acl_perm(idperm,idacl) VALUES(872,100);
INSERT INTO r_acl_perm(idperm,idacl) VALUES(873,100);
INSERT INTO r_acl_perm(idperm,idacl) VALUES(874,100);
INSERT INTO r_acl_perm(idperm,idacl) VALUES(871,101);
INSERT INTO r_acl_perm(idperm,idacl) VALUES(872,101);
INSERT INTO r_acl_perm(idperm,idacl) VALUES(873,101);
INSERT INTO r_acl_perm(idperm,idacl) VALUES(874,101);
INSERT INTO r_acl_perm(idperm,idacl) VALUES(871,102);
INSERT INTO r_acl_perm(idperm,idacl) VALUES(872,102);
INSERT INTO r_acl_perm(idperm,idacl) VALUES(873,102);
INSERT INTO r_acl_perm(idperm,idacl) VALUES(874,102);
INSERT INTO r_acl_perm(idperm,idacl) VALUES(871,103);
INSERT INTO r_acl_perm(idperm,idacl) VALUES(872,103);
INSERT INTO r_acl_perm(idperm,idacl) VALUES(873,103);
INSERT INTO r_acl_perm(idperm,idacl) VALUES(874,103);
INSERT INTO r_acl_perm(idperm,idacl) VALUES(871,104);
INSERT INTO r_acl_perm(idperm,idacl) VALUES(872,104);
INSERT INTO r_acl_perm(idperm,idacl) VALUES(873,104);
INSERT INTO r_acl_perm(idperm,idacl) VALUES(874,104);
INSERT INTO r_acl_perm(idperm,idacl) VALUES(871,105);
INSERT INTO r_acl_perm(idperm,idacl) VALUES(872,105);
INSERT INTO r_acl_perm(idperm,idacl) VALUES(873,105);
INSERT INTO r_acl_perm(idperm,idacl) VALUES(874,105);
INSERT INTO r_acl_perm(idperm,idacl) VALUES(871,106);
INSERT INTO r_acl_perm(idperm,idacl) VALUES(872,106);
INSERT INTO r_acl_perm(idperm,idacl) VALUES(873,106);
INSERT INTO r_acl_perm(idperm,idacl) VALUES(874,106);
INSERT INTO r_acl_perm(idperm,idacl) VALUES(871,107);
INSERT INTO r_acl_perm(idperm,idacl) VALUES(872,107);
INSERT INTO r_acl_perm(idperm,idacl) VALUES(873,107);
INSERT INTO r_acl_perm(idperm,idacl) VALUES(874,107);
INSERT INTO r_acl_perm(idperm,idacl) VALUES(871,108);
INSERT INTO r_acl_perm(idperm,idacl) VALUES(872,108);
INSERT INTO r_acl_perm(idperm,idacl) VALUES(873,108);
INSERT INTO r_acl_perm(idperm,idacl) VALUES(874,108);
INSERT INTO r_acl_perm(idperm,idacl) VALUES(871,109);
INSERT INTO r_acl_perm(idperm,idacl) VALUES(872,109);
INSERT INTO r_acl_perm(idperm,idacl) VALUES(873,109);
INSERT INTO r_acl_perm(idperm,idacl) VALUES(874,109);
INSERT INTO r_acl_perm(idperm,idacl) VALUES(871,110);
INSERT INTO r_acl_perm(idperm,idacl) VALUES(872,110);
INSERT INTO r_acl_perm(idperm,idacl) VALUES(873,110);
INSERT INTO r_acl_perm(idperm,idacl) VALUES(874,110);
INSERT INTO r_acl_perm(idperm,idacl) VALUES(871,111);
INSERT INTO r_acl_perm(idperm,idacl) VALUES(872,111);
INSERT INTO r_acl_perm(idperm,idacl) VALUES(873,111);
INSERT INTO r_acl_perm(idperm,idacl) VALUES(874,111);
INSERT INTO r_acl_perm(idperm,idacl) VALUES(871,112);
INSERT INTO r_acl_perm(idperm,idacl) VALUES(872,112);
INSERT INTO r_acl_perm(idperm,idacl) VALUES(873,112);
INSERT INTO r_acl_perm(idperm,idacl) VALUES(874,112);
INSERT INTO r_acl_perm(idperm,idacl) VALUES(871,113);
INSERT INTO r_acl_perm(idperm,idacl) VALUES(872,113);
INSERT INTO r_acl_perm(idperm,idacl) VALUES(873,113);
INSERT INTO r_acl_perm(idperm,idacl) VALUES(874,113);
INSERT INTO r_acl_perm(idperm,idacl) VALUES(871,114);
INSERT INTO r_acl_perm(idperm,idacl) VALUES(872,114);
INSERT INTO r_acl_perm(idperm,idacl) VALUES(873,114);
INSERT INTO r_acl_perm(idperm,idacl) VALUES(874,114);
INSERT INTO r_acl_perm(idperm,idacl) VALUES(871,115);
INSERT INTO r_acl_perm(idperm,idacl) VALUES(872,115);
INSERT INTO r_acl_perm(idperm,idacl) VALUES(873,115);
INSERT INTO r_acl_perm(idperm,idacl) VALUES(874,115);
INSERT INTO r_acl_perm(idperm,idacl) VALUES(871,116);
INSERT INTO r_acl_perm(idperm,idacl) VALUES(872,116);
INSERT INTO r_acl_perm(idperm,idacl) VALUES(873,116);
INSERT INTO r_acl_perm(idperm,idacl) VALUES(874,116);
INSERT INTO r_acl_perm(idperm,idacl) VALUES(871,117);
INSERT INTO r_acl_perm(idperm,idacl) VALUES(872,117);
INSERT INTO r_acl_perm(idperm,idacl) VALUES(873,117);
INSERT INTO r_acl_perm(idperm,idacl) VALUES(874,117);
INSERT INTO r_acl_perm(idperm,idacl) VALUES(871,118);
INSERT INTO r_acl_perm(idperm,idacl) VALUES(872,118);
INSERT INTO r_acl_perm(idperm,idacl) VALUES(873,118);
INSERT INTO r_acl_perm(idperm,idacl) VALUES(874,118);
INSERT INTO r_acl_perm(idperm,idacl) VALUES(871,119);
INSERT INTO r_acl_perm(idperm,idacl) VALUES(872,119);
INSERT INTO r_acl_perm(idperm,idacl) VALUES(873,119);
INSERT INTO r_acl_perm(idperm,idacl) VALUES(874,119);
INSERT INTO r_acl_perm(idperm,idacl) VALUES(871,120);
INSERT INTO r_acl_perm(idperm,idacl) VALUES(872,120);
INSERT INTO r_acl_perm(idperm,idacl) VALUES(873,120);
INSERT INTO r_acl_perm(idperm,idacl) VALUES(874,120);
INSERT INTO r_acl_perm(idperm,idacl) VALUES(871,121);
INSERT INTO r_acl_perm(idperm,idacl) VALUES(872,121);
INSERT INTO r_acl_perm(idperm,idacl) VALUES(873,121);
INSERT INTO r_acl_perm(idperm,idacl) VALUES(874,121);
INSERT INTO r_acl_perm(idperm,idacl) VALUES(871,122);
INSERT INTO r_acl_perm(idperm,idacl) VALUES(872,122);
INSERT INTO r_acl_perm(idperm,idacl) VALUES(873,122);
INSERT INTO r_acl_perm(idperm,idacl) VALUES(874,122);
INSERT INTO r_acl_perm(idperm,idacl) VALUES(871,123);
INSERT INTO r_acl_perm(idperm,idacl) VALUES(872,123);
INSERT INTO r_acl_perm(idperm,idacl) VALUES(873,123);
INSERT INTO r_acl_perm(idperm,idacl) VALUES(874,123);
INSERT INTO r_acl_perm(idperm,idacl) VALUES(871,124);
INSERT INTO r_acl_perm(idperm,idacl) VALUES(872,124);
INSERT INTO r_acl_perm(idperm,idacl) VALUES(873,124);
INSERT INTO r_acl_perm(idperm,idacl) VALUES(874,124);
INSERT INTO r_acl_perm(idperm,idacl) VALUES(871,125);
INSERT INTO r_acl_perm(idperm,idacl) VALUES(872,125);
INSERT INTO r_acl_perm(idperm,idacl) VALUES(873,125);
INSERT INTO r_acl_perm(idperm,idacl) VALUES(874,125);
INSERT INTO r_acl_perm(idperm,idacl) VALUES(871,126);
INSERT INTO r_acl_perm(idperm,idacl) VALUES(872,126);
INSERT INTO r_acl_perm(idperm,idacl) VALUES(873,126);
INSERT INTO r_acl_perm(idperm,idacl) VALUES(874,126);
INSERT INTO r_acl_perm(idperm,idacl) VALUES(871,127);
INSERT INTO r_acl_perm(idperm,idacl) VALUES(872,127);
INSERT INTO r_acl_perm(idperm,idacl) VALUES(873,127);
INSERT INTO r_acl_perm(idperm,idacl) VALUES(874,127);
INSERT INTO r_acl_perm(idperm,idacl) VALUES(871,128);
INSERT INTO r_acl_perm(idperm,idacl) VALUES(872,128);
INSERT INTO r_acl_perm(idperm,idacl) VALUES(873,128);
INSERT INTO r_acl_perm(idperm,idacl) VALUES(874,128);
INSERT INTO r_acl_perm(idperm,idacl) VALUES(871,129);
INSERT INTO r_acl_perm(idperm,idacl) VALUES(872,129);
INSERT INTO r_acl_perm(idperm,idacl) VALUES(873,129);
INSERT INTO r_acl_perm(idperm,idacl) VALUES(874,129);
INSERT INTO r_acl_perm(idperm,idacl) VALUES(871,130);
INSERT INTO r_acl_perm(idperm,idacl) VALUES(872,130);
INSERT INTO r_acl_perm(idperm,idacl) VALUES(873,130);
INSERT INTO r_acl_perm(idperm,idacl) VALUES(874,130);
INSERT INTO r_acl_perm(idperm,idacl) VALUES(871,131);
INSERT INTO r_acl_perm(idperm,idacl) VALUES(872,131);
INSERT INTO r_acl_perm(idperm,idacl) VALUES(873,131);
INSERT INTO r_acl_perm(idperm,idacl) VALUES(874,131);
INSERT INTO r_acl_perm(idperm,idacl) VALUES(871,132);
INSERT INTO r_acl_perm(idperm,idacl) VALUES(872,132);
INSERT INTO r_acl_perm(idperm,idacl) VALUES(873,132);
INSERT INTO r_acl_perm(idperm,idacl) VALUES(874,132);
INSERT INTO r_acl_perm(idperm,idacl) VALUES(871,133);
INSERT INTO r_acl_perm(idperm,idacl) VALUES(872,133);
INSERT INTO r_acl_perm(idperm,idacl) VALUES(873,133);
INSERT INTO r_acl_perm(idperm,idacl) VALUES(874,133);
INSERT INTO r_acl_perm(idperm,idacl) VALUES(871,134);
INSERT INTO r_acl_perm(idperm,idacl) VALUES(872,134);
INSERT INTO r_acl_perm(idperm,idacl) VALUES(873,134);
INSERT INTO r_acl_perm(idperm,idacl) VALUES(874,134);
INSERT INTO r_acl_perm(idperm,idacl) VALUES(871,135);
INSERT INTO r_acl_perm(idperm,idacl) VALUES(872,135);
INSERT INTO r_acl_perm(idperm,idacl) VALUES(873,135);
INSERT INTO r_acl_perm(idperm,idacl) VALUES(874,135);
INSERT INTO r_acl_perm(idperm,idacl) VALUES(871,136);
INSERT INTO r_acl_perm(idperm,idacl) VALUES(872,136);
INSERT INTO r_acl_perm(idperm,idacl) VALUES(873,136);
INSERT INTO r_acl_perm(idperm,idacl) VALUES(874,136);
INSERT INTO r_acl_perm(idperm,idacl) VALUES(871,137);
INSERT INTO r_acl_perm(idperm,idacl) VALUES(872,137);
INSERT INTO r_acl_perm(idperm,idacl) VALUES(873,137);
INSERT INTO r_acl_perm(idperm,idacl) VALUES(874,137);
INSERT INTO r_acl_perm(idperm,idacl) VALUES(871,138);
INSERT INTO r_acl_perm(idperm,idacl) VALUES(872,138);
INSERT INTO r_acl_perm(idperm,idacl) VALUES(873,138);
INSERT INTO r_acl_perm(idperm,idacl) VALUES(874,138);
INSERT INTO r_acl_perm(idperm,idacl) VALUES(871,139);
INSERT INTO r_acl_perm(idperm,idacl) VALUES(872,139);
INSERT INTO r_acl_perm(idperm,idacl) VALUES(873,139);
INSERT INTO r_acl_perm(idperm,idacl) VALUES(874,139);
INSERT INTO r_acl_perm(idperm,idacl) VALUES(871,140);
INSERT INTO r_acl_perm(idperm,idacl) VALUES(872,140);
INSERT INTO r_acl_perm(idperm,idacl) VALUES(873,140);
INSERT INTO r_acl_perm(idperm,idacl) VALUES(874,140);
INSERT INTO r_acl_perm(idperm,idacl) VALUES(871,141);
INSERT INTO r_acl_perm(idperm,idacl) VALUES(872,141);
INSERT INTO r_acl_perm(idperm,idacl) VALUES(873,141);
INSERT INTO r_acl_perm(idperm,idacl) VALUES(874,141);
INSERT INTO r_acl_perm(idperm,idacl) VALUES(871,142);
INSERT INTO r_acl_perm(idperm,idacl) VALUES(872,142);
INSERT INTO r_acl_perm(idperm,idacl) VALUES(873,142);
INSERT INTO r_acl_perm(idperm,idacl) VALUES(874,142);
INSERT INTO r_acl_perm(idperm,idacl) VALUES(871,143);
INSERT INTO r_acl_perm(idperm,idacl) VALUES(872,143);
INSERT INTO r_acl_perm(idperm,idacl) VALUES(873,143);
INSERT INTO r_acl_perm(idperm,idacl) VALUES(874,143);
INSERT INTO r_acl_perm(idperm,idacl) VALUES(871,144);
INSERT INTO r_acl_perm(idperm,idacl) VALUES(872,144);
INSERT INTO r_acl_perm(idperm,idacl) VALUES(873,144);
INSERT INTO r_acl_perm(idperm,idacl) VALUES(874,144);
UPDATE layers SET acl=100 WHERE name='ED';
UPDATE layers SET acl=101 WHERE name='PV';
UPDATE layers SET acl=102 WHERE name='RS';
UPDATE layers SET acl=103 WHERE name='TCL';
UPDATE layers SET acl=104 WHERE name='TEM';
UPDATE layers SET acl=105 WHERE name='PR';
UPDATE layers SET acl=106 WHERE name='PJ';
UPDATE layers SET acl=107 WHERE name='AS';
UPDATE layers SET acl=108 WHERE name='CC';
UPDATE layers SET acl=109 WHERE name='CE';
UPDATE layers SET acl=110 WHERE name='CU';
UPDATE layers SET acl=111 WHERE name='ID';
UPDATE layers SET acl=112 WHERE name='IP';
UPDATE layers SET acl=113 WHERE name='LM';
UPDATE layers SET acl=114 WHERE name='MT';
UPDATE layers SET acl=115 WHERE name='SA';
UPDATE layers SET acl=116 WHERE name='SU';
UPDATE layers SET acl=117 WHERE name='TN';
UPDATE layers SET acl=118 WHERE name='VT';
UPDATE layers SET acl=119 WHERE name='EN';
UPDATE layers SET acl=120 WHERE name='PC';
UPDATE layers SET acl=121 WHERE name='PL';
UPDATE layers SET acl=122 WHERE name='TNC';
UPDATE layers SET acl=123 WHERE name='DE';
UPDATE layers SET acl=124 WHERE name='TP';
UPDATE layers SET acl=125 WHERE name='RD';
UPDATE layers SET acl=126 WHERE name='CA';
UPDATE layers SET acl=127 WHERE name='AR';
UPDATE layers SET acl=128 WHERE name='tramosconduccion';
UPDATE layers SET acl=129 WHERE name='Autopistas';
UPDATE layers SET acl=130 WHERE name='RVI_Autovias';
UPDATE layers SET acl=131 WHERE name='RVI_Nacionales';
UPDATE layers SET acl=132 WHERE name='RVI_RAAI';
UPDATE layers SET acl=133 WHERE name='RVI_RAAII';
UPDATE layers SET acl=134 WHERE name='RVI_RAAIII';
UPDATE layers SET acl=135 WHERE name='interurbanas';
UPDATE layers SET acl=136 WHERE name='TVU';
UPDATE layers SET acl=137 WHERE name='AFC';
UPDATE layers SET acl=138 WHERE name='parcelas_eiel';
UPDATE layers SET acl=139 WHERE name='Nucleos';
UPDATE layers SET acl=140 WHERE name='NP';
UPDATE layers SET acl=141 WHERE name='TTMM';
UPDATE layers SET acl=142 WHERE name='TTMMpunto';
UPDATE layers SET acl=143 WHERE name='CO';
UPDATE layers SET acl=144 WHERE name='ES';
INSERT INTO r_group_perm(groupid,idperm,idacl) VALUES (110,871,100);
INSERT INTO r_group_perm(groupid,idperm,idacl) VALUES (110,872,100);
INSERT INTO r_group_perm(groupid,idperm,idacl) VALUES (110,873,100);
INSERT INTO r_group_perm(groupid,idperm,idacl) VALUES (110,874,100);
INSERT INTO r_group_perm(groupid,idperm,idacl) VALUES (110,871,101);
INSERT INTO r_group_perm(groupid,idperm,idacl) VALUES (110,872,101);
INSERT INTO r_group_perm(groupid,idperm,idacl) VALUES (110,873,101);
INSERT INTO r_group_perm(groupid,idperm,idacl) VALUES (110,874,101);
INSERT INTO r_group_perm(groupid,idperm,idacl) VALUES (110,871,102);
INSERT INTO r_group_perm(groupid,idperm,idacl) VALUES (110,872,102);
INSERT INTO r_group_perm(groupid,idperm,idacl) VALUES (110,873,102);
INSERT INTO r_group_perm(groupid,idperm,idacl) VALUES (110,874,102);
INSERT INTO r_group_perm(groupid,idperm,idacl) VALUES (110,871,103);
INSERT INTO r_group_perm(groupid,idperm,idacl) VALUES (110,872,103);
INSERT INTO r_group_perm(groupid,idperm,idacl) VALUES (110,873,103);
INSERT INTO r_group_perm(groupid,idperm,idacl) VALUES (110,874,103);
INSERT INTO r_group_perm(groupid,idperm,idacl) VALUES (110,871,104);
INSERT INTO r_group_perm(groupid,idperm,idacl) VALUES (110,872,104);
INSERT INTO r_group_perm(groupid,idperm,idacl) VALUES (110,873,104);
INSERT INTO r_group_perm(groupid,idperm,idacl) VALUES (110,874,104);
INSERT INTO r_group_perm(groupid,idperm,idacl) VALUES (110,871,105);
INSERT INTO r_group_perm(groupid,idperm,idacl) VALUES (110,872,105);
INSERT INTO r_group_perm(groupid,idperm,idacl) VALUES (110,873,105);
INSERT INTO r_group_perm(groupid,idperm,idacl) VALUES (110,874,105);
INSERT INTO r_group_perm(groupid,idperm,idacl) VALUES (110,871,106);
INSERT INTO r_group_perm(groupid,idperm,idacl) VALUES (110,872,106);
INSERT INTO r_group_perm(groupid,idperm,idacl) VALUES (110,873,106);
INSERT INTO r_group_perm(groupid,idperm,idacl) VALUES (110,874,106);
INSERT INTO r_group_perm(groupid,idperm,idacl) VALUES (110,871,107);
INSERT INTO r_group_perm(groupid,idperm,idacl) VALUES (110,872,107);
INSERT INTO r_group_perm(groupid,idperm,idacl) VALUES (110,873,107);
INSERT INTO r_group_perm(groupid,idperm,idacl) VALUES (110,874,107);
INSERT INTO r_group_perm(groupid,idperm,idacl) VALUES (110,871,108);
INSERT INTO r_group_perm(groupid,idperm,idacl) VALUES (110,872,108);
INSERT INTO r_group_perm(groupid,idperm,idacl) VALUES (110,873,108);
INSERT INTO r_group_perm(groupid,idperm,idacl) VALUES (110,874,108);
INSERT INTO r_group_perm(groupid,idperm,idacl) VALUES (110,871,109);
INSERT INTO r_group_perm(groupid,idperm,idacl) VALUES (110,872,109);
INSERT INTO r_group_perm(groupid,idperm,idacl) VALUES (110,873,109);
INSERT INTO r_group_perm(groupid,idperm,idacl) VALUES (110,874,109);
INSERT INTO r_group_perm(groupid,idperm,idacl) VALUES (110,871,110);
INSERT INTO r_group_perm(groupid,idperm,idacl) VALUES (110,872,110);
INSERT INTO r_group_perm(groupid,idperm,idacl) VALUES (110,873,110);
INSERT INTO r_group_perm(groupid,idperm,idacl) VALUES (110,874,110);
INSERT INTO r_group_perm(groupid,idperm,idacl) VALUES (110,871,111);
INSERT INTO r_group_perm(groupid,idperm,idacl) VALUES (110,872,111);
INSERT INTO r_group_perm(groupid,idperm,idacl) VALUES (110,873,111);
INSERT INTO r_group_perm(groupid,idperm,idacl) VALUES (110,874,111);
INSERT INTO r_group_perm(groupid,idperm,idacl) VALUES (110,871,112);
INSERT INTO r_group_perm(groupid,idperm,idacl) VALUES (110,872,112);
INSERT INTO r_group_perm(groupid,idperm,idacl) VALUES (110,873,112);
INSERT INTO r_group_perm(groupid,idperm,idacl) VALUES (110,874,112);
INSERT INTO r_group_perm(groupid,idperm,idacl) VALUES (110,871,113);
INSERT INTO r_group_perm(groupid,idperm,idacl) VALUES (110,872,113);
INSERT INTO r_group_perm(groupid,idperm,idacl) VALUES (110,873,113);
INSERT INTO r_group_perm(groupid,idperm,idacl) VALUES (110,874,113);
INSERT INTO r_group_perm(groupid,idperm,idacl) VALUES (110,871,114);
INSERT INTO r_group_perm(groupid,idperm,idacl) VALUES (110,872,114);
INSERT INTO r_group_perm(groupid,idperm,idacl) VALUES (110,873,114);
INSERT INTO r_group_perm(groupid,idperm,idacl) VALUES (110,874,114);
INSERT INTO r_group_perm(groupid,idperm,idacl) VALUES (110,871,115);
INSERT INTO r_group_perm(groupid,idperm,idacl) VALUES (110,872,115);
INSERT INTO r_group_perm(groupid,idperm,idacl) VALUES (110,873,115);
INSERT INTO r_group_perm(groupid,idperm,idacl) VALUES (110,874,115);
INSERT INTO r_group_perm(groupid,idperm,idacl) VALUES (110,871,116);
INSERT INTO r_group_perm(groupid,idperm,idacl) VALUES (110,872,116);
INSERT INTO r_group_perm(groupid,idperm,idacl) VALUES (110,873,116);
INSERT INTO r_group_perm(groupid,idperm,idacl) VALUES (110,874,116);
INSERT INTO r_group_perm(groupid,idperm,idacl) VALUES (110,871,117);
INSERT INTO r_group_perm(groupid,idperm,idacl) VALUES (110,872,117);
INSERT INTO r_group_perm(groupid,idperm,idacl) VALUES (110,873,117);
INSERT INTO r_group_perm(groupid,idperm,idacl) VALUES (110,874,117);
INSERT INTO r_group_perm(groupid,idperm,idacl) VALUES (110,871,118);
INSERT INTO r_group_perm(groupid,idperm,idacl) VALUES (110,872,118);
INSERT INTO r_group_perm(groupid,idperm,idacl) VALUES (110,873,118);
INSERT INTO r_group_perm(groupid,idperm,idacl) VALUES (110,874,118);
INSERT INTO r_group_perm(groupid,idperm,idacl) VALUES (110,871,119);
INSERT INTO r_group_perm(groupid,idperm,idacl) VALUES (110,872,119);
INSERT INTO r_group_perm(groupid,idperm,idacl) VALUES (110,873,119);
INSERT INTO r_group_perm(groupid,idperm,idacl) VALUES (110,874,119);
INSERT INTO r_group_perm(groupid,idperm,idacl) VALUES (110,871,120);
INSERT INTO r_group_perm(groupid,idperm,idacl) VALUES (110,872,120);
INSERT INTO r_group_perm(groupid,idperm,idacl) VALUES (110,873,120);
INSERT INTO r_group_perm(groupid,idperm,idacl) VALUES (110,874,120);
INSERT INTO r_group_perm(groupid,idperm,idacl) VALUES (110,871,121);
INSERT INTO r_group_perm(groupid,idperm,idacl) VALUES (110,872,121);
INSERT INTO r_group_perm(groupid,idperm,idacl) VALUES (110,873,121);
INSERT INTO r_group_perm(groupid,idperm,idacl) VALUES (110,874,121);
INSERT INTO r_group_perm(groupid,idperm,idacl) VALUES (110,871,122);
INSERT INTO r_group_perm(groupid,idperm,idacl) VALUES (110,872,122);
INSERT INTO r_group_perm(groupid,idperm,idacl) VALUES (110,873,122);
INSERT INTO r_group_perm(groupid,idperm,idacl) VALUES (110,874,122);
INSERT INTO r_group_perm(groupid,idperm,idacl) VALUES (110,871,123);
INSERT INTO r_group_perm(groupid,idperm,idacl) VALUES (110,872,123);
INSERT INTO r_group_perm(groupid,idperm,idacl) VALUES (110,873,123);
INSERT INTO r_group_perm(groupid,idperm,idacl) VALUES (110,874,123);
INSERT INTO r_group_perm(groupid,idperm,idacl) VALUES (110,871,124);
INSERT INTO r_group_perm(groupid,idperm,idacl) VALUES (110,872,124);
INSERT INTO r_group_perm(groupid,idperm,idacl) VALUES (110,873,124);
INSERT INTO r_group_perm(groupid,idperm,idacl) VALUES (110,874,124);
INSERT INTO r_group_perm(groupid,idperm,idacl) VALUES (110,871,125);
INSERT INTO r_group_perm(groupid,idperm,idacl) VALUES (110,872,125);
INSERT INTO r_group_perm(groupid,idperm,idacl) VALUES (110,873,125);
INSERT INTO r_group_perm(groupid,idperm,idacl) VALUES (110,874,125);
INSERT INTO r_group_perm(groupid,idperm,idacl) VALUES (110,871,126);
INSERT INTO r_group_perm(groupid,idperm,idacl) VALUES (110,872,126);
INSERT INTO r_group_perm(groupid,idperm,idacl) VALUES (110,873,126);
INSERT INTO r_group_perm(groupid,idperm,idacl) VALUES (110,874,126);
INSERT INTO r_group_perm(groupid,idperm,idacl) VALUES (110,871,127);
INSERT INTO r_group_perm(groupid,idperm,idacl) VALUES (110,872,127);
INSERT INTO r_group_perm(groupid,idperm,idacl) VALUES (110,873,127);
INSERT INTO r_group_perm(groupid,idperm,idacl) VALUES (110,874,127);
INSERT INTO r_group_perm(groupid,idperm,idacl) VALUES (110,871,128);
INSERT INTO r_group_perm(groupid,idperm,idacl) VALUES (110,872,128);
INSERT INTO r_group_perm(groupid,idperm,idacl) VALUES (110,873,128);
INSERT INTO r_group_perm(groupid,idperm,idacl) VALUES (110,874,128);
INSERT INTO r_group_perm(groupid,idperm,idacl) VALUES (110,871,129);
INSERT INTO r_group_perm(groupid,idperm,idacl) VALUES (110,872,129);
INSERT INTO r_group_perm(groupid,idperm,idacl) VALUES (110,873,129);
INSERT INTO r_group_perm(groupid,idperm,idacl) VALUES (110,874,129);
INSERT INTO r_group_perm(groupid,idperm,idacl) VALUES (110,871,130);
INSERT INTO r_group_perm(groupid,idperm,idacl) VALUES (110,872,130);
INSERT INTO r_group_perm(groupid,idperm,idacl) VALUES (110,873,130);
INSERT INTO r_group_perm(groupid,idperm,idacl) VALUES (110,874,130);
INSERT INTO r_group_perm(groupid,idperm,idacl) VALUES (110,871,131);
INSERT INTO r_group_perm(groupid,idperm,idacl) VALUES (110,872,131);
INSERT INTO r_group_perm(groupid,idperm,idacl) VALUES (110,873,131);
INSERT INTO r_group_perm(groupid,idperm,idacl) VALUES (110,874,131);
INSERT INTO r_group_perm(groupid,idperm,idacl) VALUES (110,871,132);
INSERT INTO r_group_perm(groupid,idperm,idacl) VALUES (110,872,132);
INSERT INTO r_group_perm(groupid,idperm,idacl) VALUES (110,873,132);
INSERT INTO r_group_perm(groupid,idperm,idacl) VALUES (110,874,132);
INSERT INTO r_group_perm(groupid,idperm,idacl) VALUES (110,871,133);
INSERT INTO r_group_perm(groupid,idperm,idacl) VALUES (110,872,133);
INSERT INTO r_group_perm(groupid,idperm,idacl) VALUES (110,873,133);
INSERT INTO r_group_perm(groupid,idperm,idacl) VALUES (110,874,133);
INSERT INTO r_group_perm(groupid,idperm,idacl) VALUES (110,871,134);
INSERT INTO r_group_perm(groupid,idperm,idacl) VALUES (110,872,134);
INSERT INTO r_group_perm(groupid,idperm,idacl) VALUES (110,873,134);
INSERT INTO r_group_perm(groupid,idperm,idacl) VALUES (110,874,134);
INSERT INTO r_group_perm(groupid,idperm,idacl) VALUES (110,871,135);
INSERT INTO r_group_perm(groupid,idperm,idacl) VALUES (110,872,135);
INSERT INTO r_group_perm(groupid,idperm,idacl) VALUES (110,873,135);
INSERT INTO r_group_perm(groupid,idperm,idacl) VALUES (110,874,135);
INSERT INTO r_group_perm(groupid,idperm,idacl) VALUES (110,871,136);
INSERT INTO r_group_perm(groupid,idperm,idacl) VALUES (110,872,136);
INSERT INTO r_group_perm(groupid,idperm,idacl) VALUES (110,873,136);
INSERT INTO r_group_perm(groupid,idperm,idacl) VALUES (110,874,136);
INSERT INTO r_group_perm(groupid,idperm,idacl) VALUES (110,871,137);
INSERT INTO r_group_perm(groupid,idperm,idacl) VALUES (110,872,137);
INSERT INTO r_group_perm(groupid,idperm,idacl) VALUES (110,873,137);
INSERT INTO r_group_perm(groupid,idperm,idacl) VALUES (110,874,137);
INSERT INTO r_group_perm(groupid,idperm,idacl) VALUES (110,871,138);
INSERT INTO r_group_perm(groupid,idperm,idacl) VALUES (110,872,138);
INSERT INTO r_group_perm(groupid,idperm,idacl) VALUES (110,873,138);
INSERT INTO r_group_perm(groupid,idperm,idacl) VALUES (110,874,138);
INSERT INTO r_group_perm(groupid,idperm,idacl) VALUES (110,871,139);
INSERT INTO r_group_perm(groupid,idperm,idacl) VALUES (110,872,139);
INSERT INTO r_group_perm(groupid,idperm,idacl) VALUES (110,873,139);
INSERT INTO r_group_perm(groupid,idperm,idacl) VALUES (110,874,139);
INSERT INTO r_group_perm(groupid,idperm,idacl) VALUES (110,871,140);
INSERT INTO r_group_perm(groupid,idperm,idacl) VALUES (110,872,140);
INSERT INTO r_group_perm(groupid,idperm,idacl) VALUES (110,873,140);
INSERT INTO r_group_perm(groupid,idperm,idacl) VALUES (110,874,140);
INSERT INTO r_group_perm(groupid,idperm,idacl) VALUES (110,871,141);
INSERT INTO r_group_perm(groupid,idperm,idacl) VALUES (110,872,141);
INSERT INTO r_group_perm(groupid,idperm,idacl) VALUES (110,873,141);
INSERT INTO r_group_perm(groupid,idperm,idacl) VALUES (110,874,141);
INSERT INTO r_group_perm(groupid,idperm,idacl) VALUES (110,871,142);
INSERT INTO r_group_perm(groupid,idperm,idacl) VALUES (110,872,142);
INSERT INTO r_group_perm(groupid,idperm,idacl) VALUES (110,873,142);
INSERT INTO r_group_perm(groupid,idperm,idacl) VALUES (110,874,142);
INSERT INTO r_group_perm(groupid,idperm,idacl) VALUES (110,871,143);
INSERT INTO r_group_perm(groupid,idperm,idacl) VALUES (110,872,143);
INSERT INTO r_group_perm(groupid,idperm,idacl) VALUES (110,873,143);
INSERT INTO r_group_perm(groupid,idperm,idacl) VALUES (110,874,143);
INSERT INTO r_group_perm(groupid,idperm,idacl) VALUES (110,871,144);
INSERT INTO r_group_perm(groupid,idperm,idacl) VALUES (110,872,144);
INSERT INTO r_group_perm(groupid,idperm,idacl) VALUES (110,873,144);
INSERT INTO r_group_perm(groupid,idperm,idacl) VALUES (110,874,144);
INSERT INTO r_group_municipio (groupid,id_municipio) VALUES (1,0);
INSERT INTO r_group_municipio (groupid,id_municipio) VALUES (2,0);
INSERT INTO r_group_municipio (groupid,id_municipio) VALUES (102,0);
INSERT INTO r_group_municipio (groupid,id_municipio) VALUES (103,0);
INSERT INTO r_group_municipio (groupid,id_municipio) VALUES (104,0);
INSERT INTO r_group_municipio (groupid,id_municipio) VALUES (105,0);
INSERT INTO r_group_municipio (groupid,id_municipio) VALUES (106,0);
INSERT INTO r_group_municipio (groupid,id_municipio) VALUES (110,0);
