<?xml version="1.0" encoding="UTF-8"?>
<applications>
	<!-- LICENCIAS -->
	<app name="licencias_obra_menor_meta" layerId="licencias_obra_menor" keyAttribute="ref_catastral">
		<option messageKey="CellScreen.popup.licenciasObra" class="es.satec.localgismobile.ui.screens.MetaInfoScreen">
			<param name="title" value="MetaInfoScreen.title.licenciasObra" />
			<param name="actions" value="UPDATE VIEW" />
		</option>
	</app>
	<app name="licencias_obra_mayor_meta" layerId="licencias_obra_mayor" keyAttribute="ref_catastral">
		<option messageKey="CellScreen.popup.licenciasObra" class="es.satec.localgismobile.ui.screens.MetaInfoScreen">
			<param name="title" value="MetaInfoScreen.title.licenciasObra" />
			<param name="actions" value="UPDATE VIEW" />
		</option>
	</app>	
	<app name="licencias_actividad_meta" layerId="licencias_actividad" keyAttribute="ref_catastral">
		<option messageKey="CellScreen.popup.licenciasActividad" class="es.satec.localgismobile.ui.screens.MetaInfoScreen">
			<param name="title" value="MetaInfoScreen.title.licenciasActividad" />
			<param name="actions" value="UPDATE VIEW" />
		</option>
	</app>	
	
	<!-- INVENTARIO -->	
	<app name="inventario_parcelas_meta" layerId="inventario_parcelas" keyAttribute="ID de Parcela">
		<option messageKey="CellScreen.popup.inventarioPatrimonio" class="es.satec.localgismobile.ui.screens.MetaInfoScreen">
			<param name="title" value="MetaInfoScreen.title.inventarioPatrimonio" />
			<param name="actions" value="ADD DELETE UPDATE VIEW" />
		</option>
	</app>	
	<app name="inventario_vias_meta" layerId="inventario_vias" keyAttribute="ID de Via">
		<option messageKey="CellScreen.popup.inventarioPatrimonio" class="es.satec.localgismobile.ui.screens.MetaInfoScreen">
			<param name="title" value="MetaInfoScreen.title.inventarioPatrimonio" />
			<param name="actions" value="ADD DELETE UPDATE VIEW" />
		</option>
	</app>
		
	<!-- EIEL -->
	<app name="AU_meta" layerId="AU" keyAttribute="Clave,Código provincia,Código Municipio,Código INE Entidad,Código INE Núcleo">
		<option messageKey="CellScreen.popup.eiel.abastecimientoAutonomo" class="es.satec.localgismobile.ui.screens.MetaInfoScreen">
			<param name="title" value="CellScreen.popup.eiel.abastecimientoAutonomo" />
			<param name="actions" value="ADD DELETE UPDATE VIEW" /> <!-- ADD_FROM_LIST -->
		</option>
	</app>
	<app name="CI_meta" layerId="CI" keyAttribute="Código provincia,Código Isla">
		<option messageKey="CellScreen.popup.eiel.cabildoConsejo" class="es.satec.localgismobile.ui.screens.MetaInfoScreen">
			<param name="title" value="CellScreen.popup.eiel.cabildoConsejo" />
			<param name="actions" value="ADD DELETE UPDATE VIEW" />
		</option>
	</app>
	<app name="CA_meta" layerId="CA" keyAttribute="Clave,Código provincia,Código Municipio,Código Orden">
		<option messageKey="CellScreen.popup.eiel.captacion" class="es.satec.localgismobile.ui.screens.MetaInfoScreen">
			<param name="title" value="CellScreen.popup.eiel.captacion" />
			<param name="actions" value="ADD DELETE UPDATE VIEW" />
		</option>
	</app>
	<app name="CC_meta" layerId="CC" keyAttribute="Clave,Código provincia,Código Municipio,Código INE Entidad,Código INE Núcleo,Código Orden">
		<option messageKey="CellScreen.popup.eiel.casaConsistorial" class="es.satec.localgismobile.ui.screens.MetaInfoScreen">
			<param name="title" value="CellScreen.popup.eiel.casaConsistorial" />
			<param name="actions" value="ADD DELETE UPDATE VIEW" />
		</option>
	</app>
	<app name="CE_meta" layerId="CE" keyAttribute="Clave,Código provincia,Código Municipio,Código INE Entidad,Código INE Núcleo,Código Orden">
		<option messageKey="CellScreen.popup.eiel.cementerio" class="es.satec.localgismobile.ui.screens.MetaInfoScreen">
			<param name="title" value="CellScreen.popup.eiel.cementerio" />
			<param name="actions" value="ADD DELETE UPDATE VIEW" />
		</option>
	</app>
	<app name="ASL_meta" layerId="ASL" keyAttribute="Clave,Código provincia,Código Municipio,Código INE Entidad,Código INE Núcleo,Código Orden">
		<option messageKey="CellScreen.popup.eiel.centroAsistencial" class="es.satec.localgismobile.ui.screens.MetaInfoScreen">
			<param name="title" value="CellScreen.popup.eiel.centroAsistencial" />
			<param name="actions" value="ADD DELETE UPDATE VIEW" />
		</option>
	</app>		
	<app name="CU_meta" layerId="CU" keyAttribute="Clave,Código provincia,Código Municipio,Código INE Entidad,Código INE Núcleo,Código Orden">
		<option messageKey="CellScreen.popup.eiel.centroCultural" class="es.satec.localgismobile.ui.screens.MetaInfoScreen">
			<param name="title" value="CellScreen.popup.eiel.centroCultural" />
			<param name="actions" value="ADD DELETE UPDATE VIEW" />
		</option>
	</app>
	<app name="EN_meta" layerId="EN" keyAttribute="Clave,Código provincia,Código Municipio,Código INE Entidad,Código INE Núcleo,Código Orden">
		<option messageKey="CellScreen.popup.eiel.centroEnsenianza" class="es.satec.localgismobile.ui.screens.MetaInfoScreen">
			<param name="title" value="CellScreen.popup.eiel.centroEnsenianza" />
			<param name="actions" value="ADD DELETE UPDATE VIEW" />
		</option>
	</app>
	<app name="SA_meta" layerId="SA" keyAttribute="Clave,Código provincia,Código Municipio,Código INE Entidad,Código INE Núcleo,Código Orden">
		<option messageKey="CellScreen.popup.eiel.centroSanitario" class="es.satec.localgismobile.ui.screens.MetaInfoScreen">
			<param name="title" value="CellScreen.popup.eiel.centroSanitario" />
			<param name="actions" value="ADD DELETE UPDATE VIEW" />
		</option>
	</app>	
	<app name="TCL_meta" layerId="TCL" keyAttribute="Clave,Código provincia,Código Municipio,Código Tramo">
		<option messageKey="CellScreen.popup.eiel.colector" class="es.satec.localgismobile.ui.screens.MetaInfoScreen">
			<param name="title" value="CellScreen.popup.eiel.colector" />
			<param name="actions" value="ADD DELETE UPDATE VIEW" />
		</option>
	</app> 
	<!-- COMARCA???? -->		
	<app name="DE_meta" layerId="DE" keyAttribute="Clave,Código provincia,Código Municipio,Código Orden">
		<option messageKey="CellScreen.popup.eiel.deposito" class="es.satec.localgismobile.ui.screens.MetaInfoScreen">
			<param name="title" value="CellScreen.popup.eiel.deposito" />
			<param name="actions" value="ADD DELETE UPDATE VIEW" />
		</option>
	</app> <!-- DEPURADORA1 Y DEPURADORA2???? -->	
	<app name="ED_meta" layerId="ED" keyAttribute="Clave,Código provincia,Código Municipio,Código Orden">
		<option messageKey="CellScreen.popup.eiel.depuradora" class="es.satec.localgismobile.ui.screens.MetaInfoScreen">
			<param name="title" value="CellScreen.popup.eiel.depuradora" />
			<param name="actions" value="ADD DELETE UPDATE VIEW" />
		</option>
	</app>
	<!-- DISEMINADOS???? -->
	<app name="SU_meta" layerId="SU" keyAttribute="Clave,Código provincia,Código Municipio,Código INE Entidad,Código INE Núcleo,Código Orden">
		<option messageKey="CellScreen.popup.eiel.edificioSinUso" class="es.satec.localgismobile.ui.screens.MetaInfoScreen">
			<param name="title" value="CellScreen.popup.eiel.edificioSinUso" />
			<param name="actions" value="ADD DELETE UPDATE VIEW" />
		</option>
	</app>	
	<!-- REVISAR -->
	<app name="AR_meta" layerId="AR" keyAttribute="Clave,Código provincia,Código Municipio,Código INE Entidad,Código INE Núcleo,Código Orden">
		<option messageKey="CellScreen.popup.eiel.elementosPuntualesAbastecimiento" class="es.satec.localgismobile.ui.screens.MetaInfoScreen">
			<param name="title" value="CellScreen.popup.eiel.elementosPuntualesAbastecimiento" />
			<param name="actions" value="ADD DELETE UPDATE VIEW" />
		</option>
	</app>
	<app name="PR_meta" layerId="PR" keyAttribute="Clave,Código provincia,Código Municipio,Código Orden">
		<option messageKey="CellScreen.popup.eiel.elementosPuntualesSaneamiento" class="es.satec.localgismobile.ui.screens.MetaInfoScreen">
			<param name="title" value="CellScreen.popup.eiel.elementosPuntualesSaneamiento" />
			<param name="actions" value="ADD DELETE UPDATE VIEW" />
		</option>
	</app>
	<!-- FIN REVISAR -->
	<app name="TEM_meta" layerId="TEM" keyAttribute="Clave,Código provincia,Código Municipio,Código Tramo">
		<option messageKey="CellScreen.popup.eiel.emisario" class="es.satec.localgismobile.ui.screens.MetaInfoScreen">
			<param name="title" value="CellScreen.popup.eiel.emisario" />
			<param name="actions" value="ADD DELETE UPDATE VIEW" />
		</option>
	</app>	<!-- N1???? -->
	<app name="P1_meta" layerId="P1" keyAttribute="Código provincia,Código Municipio,Código INE Entidad,Código INE Núcleo">
		<option messageKey="CellScreen.popup.eiel.nucleoEncuestado1" class="es.satec.localgismobile.ui.screens.MetaInfoScreen">
			<param name="title" value="CellScreen.popup.eiel.nucleoEncuestado1" />
			<param name="actions" value="ADD DELETE UPDATE VIEW" />
		</option>
	</app>	<!-- N2???? -->
	<app name="P2_meta" layerId="P2" keyAttribute="Código provincia,Código Municipio,Código INE Entidad,Código INE Núcleo">
		<option messageKey="CellScreen.popup.eiel.nucleoEncuestado2" class="es.satec.localgismobile.ui.screens.MetaInfoScreen">
			<param name="title" value="CellScreen.popup.eiel.nucleoEncuestado2" />
			<param name="actions" value="ADD DELETE UPDATE VIEW" />
		</option>
	</app>	
	<!-- ENTIDAD???? -->
	<!-- ENTIDADES SINGULARES???? -->
	<app name="IP_meta" layerId="IP" keyAttribute="Clave,Código provincia,Código Municipio,Código INE Entidad,Código INE Núcleo,Código Orden">
		<option messageKey="CellScreen.popup.eiel.proteccionIncendios" class="es.satec.localgismobile.ui.screens.MetaInfoScreen">
			<param name="title" value="CellScreen.popup.eiel.proteccionIncendios" />
			<param name="actions" value="ADD DELETE UPDATE VIEW" />
		</option>
	</app>	
	<app name="ID_meta" layerId="ID" keyAttribute="Clave,Código provincia,Código Municipio,Código INE Entidad,Código INE Núcleo,Código Orden">
		<option messageKey="CellScreen.popup.eiel.instalacionDeportiva" class="es.satec.localgismobile.ui.screens.MetaInfoScreen">
			<param name="title" value="CellScreen.popup.eiel.instalacionDeportiva" />
			<param name="actions" value="ADD DELETE UPDATE VIEW" />
		</option>
	</app>	
	<!-- LIMPIEZA CALLES????? -->
	<app name="LM_meta" layerId="LM" keyAttribute="Clave,Código provincia,Código Municipio,Código INE Entidad,Código INE Núcleo,Código Orden">
		<option messageKey="CellScreen.popup.eiel.lonjaMercado" class="es.satec.localgismobile.ui.screens.MetaInfoScreen">
			<param name="title" value="CellScreen.popup.eiel.lonjaMercado" />
			<param name="actions" value="ADD DELETE UPDATE VIEW" />
		</option>
	</app>	
	<app name="MT_meta" layerId="MT" keyAttribute="Clave,Código provincia,Código Municipio,Código INE Entidad,Código INE Núcleo,Código Orden">
		<option messageKey="CellScreen.popup.eiel.matadero" class="es.satec.localgismobile.ui.screens.MetaInfoScreen">
			<param name="title" value="CellScreen.popup.eiel.matadero" />
			<param name="actions" value="ADD DELETE UPDATE VIEW" />
		</option>
	</app>	
	<app name="N7_meta" layerId="N7" keyAttribute="Código provincia,Código Municipio,Código INE Entidad,Código INE Núcleo">
		<option messageKey="CellScreen.popup.eiel.nucleoEncuestado7" class="es.satec.localgismobile.ui.screens.MetaInfoScreen">
			<param name="title" value="CellScreen.popup.eiel.nucleoEncuestado7" />
			<param name="actions" value="ADD DELETE UPDATE VIEW" />
		</option>
	</app>	
	<app name="NA_meta" layerId="NA" keyAttribute="Código provincia,Código Municipio,Código INE Entidad,Código INE Núcleo">
		<option messageKey="CellScreen.popup.eiel.nucleoAbandonado" class="es.satec.localgismobile.ui.screens.MetaInfoScreen">
			<param name="title" value="CellScreen.popup.eiel.nucleoAbandonado" />
			<param name="actions" value="ADD DELETE UPDATE VIEW" />
		</option>
	</app>	
	<app name="NP_meta" layerId="NP" keyAttribute="Código provincia,Código Municipio,Código INE Entidad,Código INE Núcleo">
		<option messageKey="CellScreen.popup.eiel.nucleoPoblacion" class="es.satec.localgismobile.ui.screens.MetaInfoScreen">
			<param name="title" value="CellScreen.popup.eiel.nucleoPoblacion" />
			<param name="actions" value="ADD DELETE UPDATE VIEW" />
		</option>
	</app>	
	<app name="OS_meta" layerId="os" keyAttribute="Código provincia,Código Municipio">
		<option messageKey="CellScreen.popup.eiel.otroServicioMunicipal" class="es.satec.localgismobile.ui.screens.MetaInfoScreen">
			<param name="title" value="CellScreen.popup.eiel.otroServicioMunicipal" />
			<param name="actions" value="ADD DELETE UPDATE VIEW" />
		</option>
	</app>	
	<app name="PM_meta" layerId="PM" keyAttribute="Código provincia,Código Municipio">
		<option messageKey="CellScreen.popup.eiel.padronMunicipal" class="es.satec.localgismobile.ui.screens.MetaInfoScreen">
			<param name="title" value="CellScreen.popup.eiel.padronMunicipal" />
			<param name="actions" value="ADD DELETE UPDATE VIEW" />
		</option>
	</app>	
	<app name="PN_meta" layerId="PN" keyAttribute="Código provincia,Código Municipio,Código INE Entidad,Código INE Núcleo">
		<option messageKey="CellScreen.popup.eiel.padronNucleo" class="es.satec.localgismobile.ui.screens.MetaInfoScreen">
			<param name="title" value="CellScreen.popup.eiel.padronNucleo" />
			<param name="actions" value="ADD DELETE UPDATE VIEW" />
		</option>
	</app>
	<app name="PJ_meta" layerId="PJ" keyAttribute="Clave,Código provincia,Código Municipio,Código INE Entidad,Código INE Núcleo,Código Orden">
		<option messageKey="CellScreen.popup.eiel.parqueJardin" class="es.satec.localgismobile.ui.screens.MetaInfoScreen">
			<param name="title" value="CellScreen.popup.eiel.parqueJardin" />
			<param name="actions" value="ADD DELETE UPDATE VIEW" />
		</option>
	</app>		
	<app name="PU_meta" layerId="PU" keyAttribute="Código provincia,Código Municipio,Código INE Entidad">
		<option messageKey="CellScreen.popup.eiel.planeamientoUrbano" class="es.satec.localgismobile.ui.screens.MetaInfoScreen">
			<param name="title" value="CellScreen.popup.eiel.planeamientoUrbano" />
			<param name="actions" value="ADD DELETE UPDATE VIEW" />
		</option>
	</app>
	<app name="PO_meta" layerId="PO" keyAttribute="Código provincia,Código Municipio,Código INE Entidad,Código INE Núcleo">
		<option messageKey="CellScreen.popup.eiel.poblamiento" class="es.satec.localgismobile.ui.screens.MetaInfoScreen">
			<param name="title" value="CellScreen.popup.eiel.poblamiento" />
			<param name="actions" value="ADD DELETE UPDATE VIEW" />
		</option>
	</app>
	<app name="PV_meta" layerId="PV" keyAttribute="Clave,Código provincia,Código Municipio,Código Orden">
		<option messageKey="CellScreen.popup.eiel.puntoVertido" class="es.satec.localgismobile.ui.screens.MetaInfoScreen">
			<param name="title" value="CellScreen.popup.eiel.puntoVertido" />
			<param name="actions" value="ADD DELETE UPDATE VIEW" />
		</option>
	</app>		
	<app name="RB_meta" layerId="RB" keyAttribute="Clave,Código provincia,Código Municipio,Código INE Entidad,Código INE Núcleo">
		<option messageKey="CellScreen.popup.eiel.recogidaBasura" class="es.satec.localgismobile.ui.screens.MetaInfoScreen">
			<param name="title" value="CellScreen.popup.eiel.recogidaBasura" />
			<param name="actions" value="ADD DELETE UPDATE VIEW" />
		</option>
	</app>
	<app name="AU_meta" layerId="AU" keyAttribute="Clave,Código provincia,Código Municipio,Código INE Entidad,Código INE Núcleo">
		<option messageKey="CellScreen.popup.eiel.saneamientoAutonomo" class="es.satec.localgismobile.ui.screens.MetaInfoScreen">
			<param name="title" value="CellScreen.popup.eiel.saneamientoAutonomo" />
			<param name="actions" value="ADD DELETE UPDATE VIEW" />
		</option>
	</app>
	<app name="AR_meta" layerId="AR" keyAttribute="Código provincia,Código Municipio,Código INE Entidad,Código INE Núcleo">
		<option messageKey="CellScreen.popup.eiel.servicioAbastecimiento" class="es.satec.localgismobile.ui.screens.MetaInfoScreen">
			<param name="title" value="CellScreen.popup.eiel.servicioAbastecimiento" />
			<param name="actions" value="ADD DELETE UPDATE VIEW" />
		</option>
	</app>
	<app name="SR_meta" layerId="SR" keyAttribute="Código provincia,Código Municipio,Código INE Entidad,Código INE Núcleo">
		<option messageKey="CellScreen.popup.eiel.servicioRecogidaBasura" class="es.satec.localgismobile.ui.screens.MetaInfoScreen">
			<param name="title" value="CellScreen.popup.eiel.servicioRecogidaBasura" />
			<param name="actions" value="ADD DELETE UPDATE VIEW" />
		</option>
	</app>
	<app name="SS_meta" layerId="SS" keyAttribute="Código provincia,Código Municipio,Código INE Entidad,Código INE Núcleo">
		<option messageKey="CellScreen.popup.eiel.servicioSaneamiento" class="es.satec.localgismobile.ui.screens.MetaInfoScreen">
			<param name="title" value="CellScreen.popup.eiel.servicioSaneamiento" />
			<param name="actions" value="ADD DELETE UPDATE VIEW" />
		</option>
	</app>
	<app name="TN_meta" layerId="TN" keyAttribute="Clave,Código provincia,Código Municipio,Código INE Entidad,Código INE Núcleo,Código Orden">
		<option messageKey="CellScreen.popup.eiel.tanatorio" class="es.satec.localgismobile.ui.screens.MetaInfoScreen">
			<param name="title" value="CellScreen.popup.eiel.tanatorio" />
			<param name="actions" value="ADD DELETE UPDATE VIEW" />
		</option>
	</app>	
	<app name="carreteras_meta" layerId="carreteras" keyAttribute="idMunicip,Código provincia,Código carretera,Punto kilométrico incial,Punto kilométrico final, Gestor">
		<option messageKey="CellScreen.popup.eiel.carretera" class="es.satec.localgismobile.ui.screens.MetaInfoScreen">
			<param name="title" value="CellScreen.popup.eiel.carretera" />
			<param name="actions" value="ADD DELETE UPDATE VIEW" />
		</option>
	</app>
	<app name="TCN_meta" layerId="TCN" keyAttribute="Clave,Código provincia,Código Municipio,Código Tramo"> <!-- Pmi,Pmf -->
		<option messageKey="CellScreen.popup.eiel.conduccion" class="es.satec.localgismobile.ui.screens.MetaInfoScreen">
			<param name="title" value="CellScreen.popup.eiel.conduccion" />
			<param name="actions" value="ADD DELETE UPDATE VIEW" />
		</option>
	</app>	
	<app name="TP_meta" layerId="TP" keyAttribute="Clave,Código provincia,Código Municipio,Código Orden">
		<option messageKey="CellScreen.popup.eiel.tratamientoPotabilizacion" class="es.satec.localgismobile.ui.screens.MetaInfoScreen">
			<param name="title" value="CellScreen.popup.eiel.tratamientoPotabilizacion" />
			<param name="actions" value="ADD DELETE UPDATE VIEW" />
		</option>
	</app>	
	<app name="VT_meta" layerId="VT" keyAttribute="Clave,Código provincia,Código Municipio,Código Orden">
		<option messageKey="CellScreen.popup.eiel.vertedero" class="es.satec.localgismobile.ui.screens.MetaInfoScreen">
			<param name="title" value="CellScreen.popup.eiel.vertedero" />
			<param name="actions" value="ADD DELETE UPDATE VIEW" />
		</option>
	</app>	
</applications>